{
  "train_loss": [
    0.021961189063922103,
    0.003350452714693063,
    0.0001420517162052716,
    0.00020391072608393895,
    0.018665489276153604,
    0.007587309043058685,
    0.01166894631456474,
    0.000460120168875891,
    0.004975282194169392,
    0.000547275794080668
  ],
  "train_acc": [
    0.9911652230003686,
    0.9991015481017324,
    1.0,
    0.9999884813859197,
    0.9933767969037965,
    0.9983643568005898,
    0.9975004607445632,
    0.9999193697014376,
    0.9991015481017324,
    0.9998848138591965
  ],
  "test_loss": [
    1.353377331889668e-05,
    7.289158143515463e-06,
    1.4276452508131546e-05,
    1.4831924288926166e-05,
    0.006176209879638393,
    3.921430417402755e-06,
    1.3987144417004902e-05,
    4.67315846850231e-06,
    4.230717465763018e-05,
    6.349649002151639e-06
  ],
  "test_acc": [
    1.0,
    1.0,
    1.0,
    1.0,
    1.0,
    1.0,
    1.0,
    1.0,
    1.0,
    1.0
  ]
}