{
  "train_loss": [
    0.011424088143972218,
    0.0025323428717693884,
    0.0029601704156556833,
    0.0018227568305245628,
    0.00269370528263609,
    0.0009341169013097831,
    0.0036818764891892214,
    0.0016629981579419557,
    0.0030889380177677836,
    0.006522436793338737
  ],
  "train_acc": [
    0.9960906521909102,
    0.9994862000022339,
    0.9993372724666495,
    0.9996574666681559,
    0.9994526913067274,
    0.9997915014501819,
    0.9989947391348055,
    0.9996351275378182,
    0.9993558884085976,
    0.9989724000044679
  ],
  "test_loss": [
    3.454001196686949e-06,
    5.580506993898826e-06,
    2.631582623502651e-06,
    0.004410250777304601,
    1.208060922496705e-06,
    1.0916097630746519e-05,
    1.918873814818659e-06,
    4.577857499873521e-06,
    1.2056015842343631e-05,
    7.539089036588855e-06
  ],
  "test_acc": [
    1.0,
    1.0,
    1.0,
    0.9993603189479479,
    1.0,
    1.0,
    1.0,
    1.0,
    1.0,
    1.0
  ]
}