{
  "train_loss": [
    0.03586380996443472,
    0.006781458824688228,
    0.004132151830187607,
    0.0001988438500930914,
    0.004368246358064448,
    0.00013383431683829222,
    0.00014753101939948623,
    0.01911991444229169,
    0.008335908407258327,
    0.00018434920032086265
  ],
  "train_acc": [
    0.9884199533112176,
    0.9982338125076791,
    0.9988942130482861,
    0.9999692836957857,
    0.9996006880452144,
    1.0,
    1.0,
    0.9952082565425728,
    0.9986791989187861,
    0.9999846418478928
  ],
  "test_loss": [
    3.961417839067616e-05,
    1.5852557603307762e-05,
    1.9087504569989752e-05,
    1.4318762577153871e-05,
    7.751916384010933e-06,
    1.2159302364841937e-05,
    1.1081737945951773e-05,
    4.5551462662476705e-06,
    7.615907420896463e-06,
    5.963483952844535e-06
  ],
  "test_acc": [
    1.0,
    1.0,
    1.0,
    1.0,
    1.0,
    1.0,
    1.0,
    1.0,
    1.0,
    1.0
  ]
}