{
  "mean": [
    0.11185842930604549,
    -0.15269137233477842,
    -0.010518880285505326,
    -0.0014639011984162724,
    -0.0061699813840885576,
    0.0026245294920049537,
    0.5213803148670443,
    1.5107667745371949,
    2.5968984456730055
  ],
  "std": [
    54.75801878346231,
    55.9062096590832,
    55.10472465661044,
    0.6364044202639503,
    0.6536151713190115,
    0.6160427248023719,
    0.3434007126007254,
    0.8682643729156869,
    2.298010136521232
  ]
}