{
  "train_loss": [
    0.24780810916796325,
    0.011965618269168771,
    0.002184153924463317,
    0.00047879848687443883,
    0.00031435938253707716
  ],
  "train_acc": [
    0.90421875,
    0.99640625,
    0.99953125,
    1.0,
    1.0
  ],
  "test_loss": [
    0.0016717979269903235,
    0.0003527102330823008,
    0.00013138561406936112,
    6.341009555262444e-05,
    4.175534622403567e-05
  ],
  "test_acc": [
    1.0,
    1.0,
    1.0,
    1.0,
    1.0
  ]
}