{
  "train_loss": [
    0.031456565862291286,
    0.013305097330053195,
    0.008491290403832936,
    0.0026178878262991417,
    0.002770489696208253,
    0.0051705705746221435,
    0.009413481894128831,
    0.0021636224770773755,
    0.004631411639797706,
    0.006555444053103486
  ],
  "train_acc": [
    0.9894796658066102,
    0.9971433837080722,
    0.9980187983781791,
    0.9995085391325715,
    0.9993088831551787,
    0.998771347831429,
    0.998448826637179,
    0.9994624646762501,
    0.9988942130482861,
    0.998786705983536
  ],
  "test_loss": [
    3.201409269900772e-05,
    0.00013259528437382882,
    9.740110353254158e-06,
    5.845886101468927e-05,
    4.244381545356428e-06,
    3.3943973386872503e-06,
    5.096585883395466e-06,
    2.5497807359629814e-06,
    1.7086375234272833e-06,
    1.3465555738338502e-06
  ],
  "test_acc": [
    1.0,
    1.0,
    1.0,
    1.0,
    1.0,
    1.0,
    1.0,
    1.0,
    1.0,
    1.0
  ]
}