{
  "mean": [
    0.11186947673559189,
    -0.1526951640844345,
    -0.010518137365579605,
    -0.0014618062414228916,
    -0.006139155011624098,
    0.0026265368796885014,
    0.46212831139564514,
    1.4170266389846802,
    2.350348472595215
  ],
  "std": [
    53.18825149536133,
    54.253536224365234,
    53.51488494873047,
    0.6193800568580627,
    0.6365076899528503,
    0.5986365079879761,
    0.3419697880744934,
    0.8523013591766357,
    2.224362850189209
  ]
}