{
  "train_loss": [
    0.006411351861608861,
    0.0016898496669769578,
    0.0030093229373739723,
    0.001182521531262585,
    0.0022011002667246156,
    0.0018491898599177767,
    0.0033439256329796897,
    0.000930526322511579,
    0.0022404341454010024,
    0.0021310270509462886
  ],
  "train_acc": [
    0.9979903201966337,
    0.999636961067779,
    0.9993832042631143,
    0.9997388342375348,
    0.9994517371227682,
    0.9996351088283288,
    0.9994109878548659,
    0.9998388551678407,
    0.999533235658573,
    0.9996443700255794
  ],
  "test_loss": [
    5.102413332049998e-06,
    7.247422412312296e-06,
    0.00015804455282511013,
    1.5052612521860558e-05,
    3.5295578517134653e-06,
    4.515584446069668e-06,
    1.188317299597527e-06,
    0.0014944999694935835,
    4.5466296250145105e-06,
    3.0128783860508297e-06
  ],
  "test_acc": [
    1.0,
    1.0,
    0.9999111907105483,
    1.0,
    1.0,
    1.0,
    1.0,
    0.9995855566492255,
    1.0,
    1.0
  ]
}