{
  "train_loss": [
    0.014592178406321736,
    0.011974201297581862,
    0.0030256627142020995,
    0.004060543345202194,
    0.0003330331617365888,
    0.00255094490394115,
    0.0006614198844037625,
    0.007970630442767817,
    0.00023703672621309583,
    0.0020464231567588957
  ],
  "train_acc": [
    0.9948622279726487,
    0.9970662795158609,
    0.9991800627364842,
    0.9992853757795046,
    0.9999097316774112,
    0.9994734347848981,
    0.9998345080752536,
    0.9980065745428286,
    0.9999774329193528,
    0.9996013149085657
  ],
  "test_loss": [
    1.6368347354292985,
    4.99819123787609e-06,
    6.851351624484944e-06,
    4.2807833733640176e-05,
    1.629731962124881e-05,
    0.03201055106774905,
    6.941885111915846e-06,
    2.6672409988346774e-05,
    1.0119341756210228e-05,
    5.5145385336080875e-05
  ],
  "test_acc": [
    0.8581647681163777,
    1.0,
    1.0,
    1.0,
    1.0,
    1.0,
    1.0,
    1.0,
    1.0,
    1.0
  ]
}